itemWiki,itemLabel,instanceLabel
Humanities,Humanities,Branches of Science
Arts,Arts,Humanities
Performing arts,Performing arts,Arts
Music,Music,Performing arts
Accompaniment,Accompanying,Music
Chamber music,Chamber music,Music
Church music,Church music,Music
Conducting,Conducting,Music
Choir,Choral conducting,Conducting
Orchestra,Orchestral conducting,Conducting
Concert band,Wind ensemble conducting,Conducting
Early music,Early music,Music
Jazz,Jazz studies,Music
Musical composition,Musical composition,Music
Music education,Music education,Music
Music history,Music history,Music
Musicology,Musicology,Music
Music history,Historical musicology,Musicology
Systematic musicology,Systematic musicology,Musicology
Ethnomusicology,Ethnomusicology,Music
Music theory,Music theory,Music
Orchestra,Orchestral studies,Music
Organology,Organology,Music
Organ (music),Organ,Organology
Piano,Piano,Organology
String instrument,Strings,Organology
Singing,Singing,Organology
Woodwind instrument,Woodwinds,Organology
Sound recording and reproduction,Recording,Music
Dance,Dance,Performing arts
Choreography,Choreography,Dance
Dance notation,Dance notation,Dance
Ethnochoreology,Ethnochoreology,Dance
History of dance,History of dance,Dance
Television,Television,Performing arts
Television studies,Television studies,Television
Theatre,Theatre,Performing arts
Acting,Acting,Theatre
Theatre director,Directing,Theatre
Dramaturgy,Dramaturgy,Theatre
History of theater,History,Theatre
Musical theatre,Musical theatre,Theatre
Playwrighting,Playwrighting,Theatre
Puppetry,Puppetry,Theatre
Scenography,Scenography,Theatre
Scenic design,Stage design,Theatre
Ventriloquism,Ventriloquism,Theatre
Film studies,Film,Performing arts
Animation,Animation,Film
Film criticism,Film criticism,Film
Filmmaking,Filmmaking,Film
Film theory,Film theory,Film
Live action,Live action,Film
Visual arts,Visual arts,Arts
Fine arts,Fine arts,Visual arts
Graphic arts,Graphic arts,Fine arts
Drawing,Drawing,Graphic arts
Painting,Painting,Graphic arts
Photography,Photography,Graphic arts
Sculpture,Sculpture,Fine arts
Applied arts,Applied arts,Visual arts
Animation,Animation,Applied arts
Calligraphy,Calligraphy,Applied arts
Decorative arts,Decorative arts,Applied arts
Mixed media,Mixed media,Applied arts
Printmaking,Printmaking,Applied arts
Studio art,Studio art,Applied arts
Architecture,Architecture,Applied arts
Interior architecture,Interior architecture,Architecture
Landscape architecture,Landscape architecture,Architecture
Architectural analytics,Architectural analytics,Architecture
Historic preservation,Historic preservation,Architecture
Interior design,Interior design,Architecture
Landscape architecture,Landscape architecture,Architecture
Landscape design,Landscape design,Architecture
Technical drawing,Technical drawing,Architecture
Information architecture,Information architecture,Architecture
Urban planning,Urban planning,Architecture
Design,Outline of design,Applied arts
Fashion design,Fashion design,Outline of design
Textile design,Textile design,Outline of design
User experience design,User experience design,Outline of design
Interaction design,Interaction design,User experience design
User experience evaluation,User experience evaluation,User experience design
User interface design,User interface design,User experience design
Visual communication,Visual communication,Outline of design
Graphic design,Graphic design,Visual communication
Typography,Typography,Visual communication
Type design,Type design,Typography
Industrial design,Industrial design,Outline of design
Ergonomics,Ergonomics,Industrial design
Game design,Game design,Industrial design
Toy,Toy and amusement design,Industrial design
History,History,Humanities
African history,African history,History
American history,American history,History
Ancient history,Ancient history,History
Ancient Carthage,Ancient Carthage,Ancient history
Ancient Egypt,Ancient Egypt,Ancient history
Ancient Greece,Ancient Greek history,Ancient history
Ancient Rome,Ancient Roman history,Ancient history
Historicity of the Bible,Biblical history,Ancient history
Indus Valley Civilisation,History of the Indus Valley Civilization,Ancient history
Preclassic Maya,History of the ancient Maya,Ancient history
History of Mesopotamia,History of Mesopotamia,Ancient history
Yangtze civilization,History of the Yangtze civilization,Ancient history
Yellow River civilization,History of the Yellow River civillization,Ancient history
History of Asia,Asian history,History
History of China,Chinese history,Asian history
History of India,Indian history,Asian history
History of Indonesia,Indonesian history,Asian history
History of Iran,Iranian history,Asian history
History of Australia,Australian history,History
Ecclesiastical history of the Catholic Church,Ecclesiastical history of the Catholic Church,History
Economic history of the world,Economic history,History
Environmental history,Environmental history,History
History of Europe,European history,History
Intellectual history,Intellectual history,History
History of Latin America,Latin American history,History
Modern history,Modern history,History
History of political thought,Political history,History
Pre-Columbian era,Pre-Columbian era,History
History of Russia,Russian history,History
Cultural history,History of Culture,History
History of Science,Scientific history,History
History of Technology,Technological history,History
World history,World history,History
Languages and literature,Languages and literature,Humanities
Linguistics,Linguistics,Languages and literature
Applied linguistics,Applied linguistics,Linguistics
Composition studies,Composition studies,Linguistics
Computational linguistics,Computational linguistics,Linguistics
Discourse analysis,Discourse analysis,Linguistics
English studies,English studies,Linguistics
Etymology,Etymology,Linguistics
Grammar,Grammar,Linguistics
Historical linguistics,Historical linguistics,Linguistics
History of linguistics,History of linguistics,Linguistics
Interlinguistics,Interlinguistics,Linguistics
Lexicology,Lexicology,Linguistics
Linguistic typology,Linguistic typology,Linguistics
Morphology (linguistics),Morphology (linguistics),Linguistics
Natural language processing,Natural language processing,Linguistics
Philology,Philology,Linguistics
Phonetics,Phonetics,Linguistics
Phonology,Phonology,Linguistics
Pragmatics,Pragmatics,Linguistics
Psycholinguistics,Psycholinguistics,Linguistics
Rhetoric,Rhetoric,Linguistics
Semantics,Semantics,Linguistics
Semiotics,Semiotics,Linguistics
Sociolinguistics,Sociolinguistics,Linguistics
Syntax,Syntax,Linguistics
Usage,Usage,Linguistics
Word usage,Word usage,Linguistics
Comparative literature,Comparative literature,Languages and literature
Creative writing,Creative writing,Languages and literature
Fiction,Fiction,Creative writing
Non-fiction,Non-fiction,Creative writing
English literature,English literature,Languages and literature
History of literature,History of literature,Languages and literature
Medieval literature,Medieval literature,History of literature
Post-colonial literature,Post-colonial literature,History of literature
Post-modern literature,Post-modern literature,History of literature
Literary theory,Literary theory,Languages and literature
Critical theory,Critical theory,Literary theory
Literary criticism,Literary criticism,Literary theory
Poetics,Poetics,Literary theory
Rhetoric,Rhetoric,Literary theory
Poetry,Poetry,Languages and literature
World literature,World literature,Languages and literature
African-American literature,African-American literature,World literature
American literature,American literature,World literature
British literature,British literature,World literature
Law,Law,Humanities
Administrative law,Administrative law,Law
Canon law,Canon law,Law
Civil law (common law),Civil law,Law
Admiralty law,Admiralty law,Civil law
Animal law,Animal law,Civil law
Civil procedure,Civil procedure,Civil law
Common law,Common law,Civil law
Contract law,Contract law,Civil law
Corporations,Corporations,Civil law
Environmental law,Environmental law,Civil law
Family law,Family law,Civil law
Federal law,Federal law,Civil law
International law,International law,Civil law
Public international law,Public international law,International law
Supranational law,Supranational law,International law
Labor law,Labor law,Civil law
Property law,Property law,Civil law
Tax law,Tax law,Civil law
Tort law,Tort law,Civil law
Comparative law,Comparative law,Law
Competition law,Competition law,Law
Constitutional law,Constitutional law,Law
Criminal law,Criminal law,Law
Criminal justice,Criminal justice,Criminal law
Criminal procedure,Criminal procedure,Criminal law
Forensic science,Forensic science,Criminal procedure
Police science,Police science,Criminal procedure
Sharia,Islamic law,Law
Jewish law,Jewish law,Law
Jurisprudence,Jurisprudence,Law
Legal management,Legal management,Law
Business law,Business law,Legal management
Corporate law,Corporate law,Legal management
Mercantile law,Mercantile law,Legal management
Procedural law,Procedural law,Law
Substantive law,Substantive law,Law
Philosophy,Philosophy,Humanities
Aesthetics,Aesthetics,Philosophy
Philosophy#Applied philosophy,Applied philosophy,Philosophy
Philosophy and economics,Philosophy of economics,Applied philosophy
Philosophy of education,Philosophy of education,Applied philosophy
Philosophy of engineering,Philosophy of engineering,Applied philosophy
Philosophy of history,Philosophy of history,Applied philosophy
Philosophy of language,Philosophy of language,Applied philosophy
Philosophy of law,Philosophy of law,Applied philosophy
Philosophy of mathematics,Philosophy of mathematics,Applied philosophy
Philosophy of music,Philosophy of music,Applied philosophy
Philosophy of psychology,Philosophy of psychology,Applied philosophy
Philosophy of religion,Philosophy of religion,Applied philosophy
Philosophy of science,Philosophy of physical sciences,Applied philosophy
Philosophy of biology,Philosophy of biology,Philosophy of physical sciences
Philosophy of chemistry,Philosophy of chemistry,Philosophy of physical sciences
Philosophy of physics,Philosophy of physics,Philosophy of physical sciences
Philosophy of social science,Philosophy of social science,Applied philosophy
Philosophy of technology,Philosophy of technology,Applied philosophy
Systems philosophy,Systems philosophy,Applied philosophy
Epistemology,Epistemology,Philosophy
Theory of justification,Justification,Epistemology
List of fallacies#Informal fallacies,Reasoning errors,Epistemology
Ethics,Ethics,Philosophy
Applied ethics,Applied ethics,Ethics
Animal rights,Animal rights,Applied ethics
Bioethics,Bioethics,Applied ethics
Environmental ethics,Environmental ethics,Applied ethics
Meta-ethics,Meta-ethics,Ethics
Moral psychology,Moral psychology,Ethics
Normative ethics,Normative ethics,Ethics
Virtue ethics,Virtue ethics,Normative ethics
History of philosophy,History of philosophy,Philosophy
Ancient philosophy,Ancient philosophy,History of philosophy
Contemporary philosophy,Contemporary philosophy,History of philosophy
Medieval philosophy,Medieval philosophy,History of philosophy
Humanism,Humanism,Medieval philosophy
Scholasticism,Scholasticism,Medieval philosophy
Modern philosophy,Modern philosophy,History of philosophy
Logic,Logic,Philosophy
Mathematical logic,Mathematical logic,Logic
Philosophical logic,Philosophical logic,Logic
Meta-philosophy,Meta-philosophy,Philosophy
Metaphysics,Metaphysics,Philosophy
Action (philosophy),Philosophy of Action,Metaphysics
Determinism,Determinism,Metaphysics
Ontology,Ontology,Metaphysics
Philosophy of mind,Philosophy of mind,Metaphysics
Pain (philosophy),Philosophy of pain,Philosophy of mind
Philosophy of artificial intelligence,Philosophy of artificial intelligence,Philosophy of mind
Philosophy of perception,Philosophy of perception,Philosophy of mind
Philosophy of space and time,Philosophy of space and time,Metaphysics
Teleology,Teleology,Metaphysics
Theism,Theism,Metaphysics
Philosophical movement,Philosophical traditions and schools,Philosophy
African philosophy,African philosophy,Philosophical traditions and schools
Analytic philosophy,Analytic philosophy,Philosophical traditions and schools
Aristotelianism,Aristotelianism,Philosophical traditions and schools
Continental philosophy,Continental philosophy,Philosophical traditions and schools
Eastern philosophy,Eastern philosophy,Philosophical traditions and schools
Feminist philosophy,Feminist philosophy,Philosophical traditions and schools
Platonism,Platonism,Philosophical traditions and schools
Social philosophy,Social philosophy,Philosophy
Anarchism,Anarchism,Social philosophy
Feminist philosophy,Feminist philosophy,Social philosophy
Libertarianism,Libertarianism,Social philosophy
Marxism,Marxism,Social philosophy
Theology,Theology,Humanities
Biblical studies,Biblical studies,Theology
Religious studies,Religious studies,Theology
Biblical Hebrew,Biblical Hebrew,Theology
Buddhist devotion,Buddhist theology,Theology
Christian theology,Christian theology,Theology
Anglican theology,Anglican theology,Christian theology
Baptist theology,Baptist theology,Christian theology
Catholic theology,Catholic theology,Christian theology
Eastern Orthodox theology,Eastern Orthodox theology,Christian theology
Protestant theology,Protestant theology,Christian theology
Hindu theology,Hindu theology,Theology
Jewish theology,Jewish theology,Theology
Muslim theology,Muslim theology,Theology
Social Sciences,Social Sciences,Branches of Science
Anthropology,Anthropology,Social Sciences
Biological anthropology,Biological anthropology,Anthropology
Linguistic anthropology,Linguistic anthropology,Anthropology
Cultural anthropology,Cultural anthropology,Anthropology
Social anthropology,Social anthropology,Anthropology
Archaeology,Archaeology,Anthropology
Business,Business,Social Sciences
Accounting,Accounting,Business
Business management,Business management,Business
Finance,Finance,Business
Marketing,Marketing,Business
Operations management,Operations management,Business
Economics,Economics,Social Sciences
Agricultural economics,Agricultural economics,Economics
Anarchist economics,Anarchist economics,Economics
Applied economics,Applied economics,Economics
Behavioural economics,Behavioural economics,Economics
Bioeconomics (biophysical),Bioeconomics,Economics
Complexity economics,Complexity economics,Economics
Computational economics,Computational economics,Economics
Consumer economics,Consumer economics,Economics
Development economics,Development economics,Economics
Ecological economics,Ecological economics,Economics
Econometrics,Econometrics,Economics
Economic geography,Economic geography,Economics
Economic history,Economic history,Economics
Economic sociology,Economic sociology,Economics
Economic systems,Economic systems,Economics
Energy economics,Energy economics,Economics
Entrepreneurial economics,Entrepreneurial economics,Economics
Environmental economics,Environmental economics,Economics
Evolutionary economics,Evolutionary economics,Economics
Experimental economics,Experimental economics,Economics
Feminist economics,Feminist economics,Economics
Financial econometrics,Financial econometrics,Economics
Financial economics,Financial economics,Economics
Green economics,Green economics,Economics
Economic growth,Growth economics,Economics
Human development theory,Human development theory,Economics
Industrial organization,Industrial organization,Economics
Information economics,Information economics,Economics
Institutional economics,Institutional economics,Economics
International economics,International economics,Economics
Islamic economics,Islamic economics,Economics
Labor economics,Labor economics,Economics
Law and economics,Law and economics,Economics
Macroeconomics,Macroeconomics,Economics
Managerial economics,Managerial economics,Economics
Marxian economics,Marxian economics,Economics
Mathematical economics,Mathematical economics,Economics
Microeconomics,Microeconomics,Economics
Monetary economics,Monetary economics,Economics
Neuroeconomics,Neuroeconomics,Economics
Participatory economics,Participatory economics,Economics
Political economy,Political economy,Economics
Public economics,Public economics,Economics
Public finance,Public finance,Economics
Real estate economics,Real estate economics,Economics
Resource economics,Resource economics,Economics
Social choice theory,Social choice theory,Economics
Socialist economics,Socialist economics,Economics
Socioeconomics,Socioeconomics,Economics
Transport economics,Transport economics,Economics
Welfare economics,Welfare economics,Economics
Human and physical geography,Human and physical geography,Social Sciences
Human geography,Human geography,Human and physical geography
Behavioral geography,Behavioral geography,Human geography
Cognitive geography,Cognitive geography,Human geography
Cultural geography,Cultural geography,Human geography
Development geography,Development geography,Human geography
Economic geography,Economic geography,Human geography
Health geography,Health geography,Human geography
Historical geography,Historical geography,Human geography
Language geography,Language geography,Human and physical geography
Social geography,Social geography,Human and physical geography
Continental geography,Continental geography,Human and physical geography
Political science,Political science,Social Sciences
Politics of the United States,American politics,Political science
Politics of Canada,Canadian politics,Political science
Civics,Civics,Political science
Comparative politics,Comparative politics,Political science
European studies,European studies,Political science
Geopolitics,Geopolitics,Political science
International relations,International relations,Political science
International organization,International organization,Political science
Nationalism studies,Nationalism studies,Political science
Peace and conflict studies,Peace and conflict studies,Political science
Policy studies,Policy studies,Political science
Theories of political behavior,Political behavior,Political science
Political culture,Political culture,Political science
Political economy,Political economy,Political science
Political history,Political history,Political science
Political philosophy,Political philosophy,Political science
Public administration,Public administration,Political science
Public law,Public law,Political science
Psephology,Psephology,Political science
Social choice theory,Social choice theory,Political science
Psychology,Psychology,Social Sciences
Abnormal psychology,Abnormal psychology,Psychology
Applied psychology,Applied psychology,Psychology
Asian psychology,Asian psychology,Psychology
Biological psychology,Biological psychology,Psychology
Black psychology,Black psychology,Psychology
Clinical neuropsychology,Clinical neuropsychology,Psychology
Clinical psychology,Clinical psychology,Psychology
Cognitive psychology,Cognitive psychology,Psychology
Community psychology,Community psychology,Psychology
Comparative psychology,Comparative psychology,Psychology
Conservation psychology,Conservation psychology,Psychology
Consumer psychology,Consumer psychology,Psychology
Counseling psychology,Counseling psychology,Psychology
Criminal psychology,Criminal psychology,Psychology
Cultural psychology,Cultural psychology,Psychology
Developmental psychology,Developmental psychology,Psychology
Differential psychology,Differential psychology,Psychology
Ecological psychology,Ecological psychology,Psychology
Educational psychology,Educational psychology,Psychology
Environmental psychology,Environmental psychology,Psychology
Evolutionary psychology,Evolutionary psychology,Psychology
Experimental psychology,Experimental psychology,Psychology
Group dynamics,Group psychology,Psychology
Journal of Family Psychology,Family psychology,Psychology
Feminine psychology,Feminine psychology,Psychology
Forensic developmental psychology,Forensic developmental psychology,Psychology
Forensic psychology,Forensic psychology,Psychology
Health psychology,Health psychology,Psychology
Humanistic psychology,Humanistic psychology,Psychology
Indigenous psychology,Indigenous psychology,Psychology
Legal psychology,Legal psychology,Psychology
Masculine psychology,Masculine psychology,Psychology
Mathematical psychology,Mathematical psychology,Psychology
Media psychology,Media psychology,Psychology
Medical psychology,Medical psychology,Psychology
Military psychology,Military psychology,Psychology
Moral psychology,Moral psychology,Psychology
Music psychology,Music psychology,Psychology
Neuropsychology,Neuropsychology,Psychology
Occupational health psychology,Occupational health psychology,Psychology
Occupational psychology,Occupational psychology,Psychology
Industrial and organizational psychology,Organizational psychology,Psychology
Parapsychology,Parapsychology,Psychology
Pediatric psychology,Pediatric psychology,Psychology
Pedology (children study),Pedology (children study),Psychology
Personality psychology,Personality psychology,Psychology
Phenomenology (psychology),Phenomenology,Psychology
Political psychology,Political psychology,Psychology
Positive psychology,Positive psychology,Psychology
Psychoanalysis,Psychoanalysis,Psychology
Psychobiology,Psychobiology,Psychology
Psychology of religion,Psychology of religion,Psychology
Psychometrics,Psychometrics,Psychology
Psychopathology,Psychopathology,Psychology
Child psychopathology,Child psychopathology,Psychopathology
Psychophysics,Psychophysics,Psychology
Quantitative psychology,Quantitative psychology,Psychology
Rehabilitation Psychology (journal),Rehabilitation psychology,Psychology
School psychology,School psychology,Psychology
Social psychology,Social psychology,Psychology
Sport psychology,Sport psychology,Psychology
Traffic psychology,Traffic psychology,Psychology
Transpersonal psychology,Transpersonal psychology,Psychology
Sociology,Sociology,Social Sciences
Analytical sociology,Analytical sociology,Sociology
Applied sociology,Applied sociology,Sociology
Leisure studies,Leisure studies,Applied sociology
Political sociology,Political sociology,Applied sociology
Public sociology,Public sociology,Applied sociology
Social engineering (political science),Social engineering,Applied sociology
Architectural sociology,Architectural sociology,Sociology
Area studies,Area studies,Sociology
African studies,African studies,Area studies
American studies,American studies,Area studies
Appalachian studies,Appalachian studies,American studies
Canadian studies,Canadian studies,American studies
Latin American studies,Latin American studies,American studies
Asian studies,Asian studies,Area studies
Central Asian studies,Central Asian studies,Asian studies
East Asian studies,East Asian studies,Asian studies
Indology,Indology,Asian studies
Iranian studies,Iranian studies,Asian studies
Japanese studies,Japanese studies,Asian studies
Korean studies,Korean studies,Asian studies
Pakistan studies,Pakistan studies,Asian studies
Sindhology,Sindhology,Asian studies
Sinology,Sinology,Asian studies
Southeast Asian studies,Southeast Asian studies,Asian studies
Thai studies,Thai studies,Asian studies
Australian studies,Australian studies,Area studies
European studies,European studies,Area studies
Celtic studies,Celtic studies,European studies
German studies,German studies,European studies
Sociology in Poland,Sociology in Poland,European studies
Scandinavian studies,Scandinavian studies,European studies
Slavic studies,Slavic studies,European studies
Middle Eastern studies,Middle Eastern studies,Area studies
Collective behavior,Behavioral sociology,Sociology
Chinese sociology,Chinese sociology,Sociology
Collective behavior,Collective behavior,Sociology
Social movements,Social movements,Collective behavior
Community informatics,Community informatics,Sociology
Social network analysis,Social network analysis,Community informatics
Comparative sociology,Comparative sociology,Sociology
Conflict theories,Conflict theory,Sociology
Criminology,Criminology,Sociology
Critical management studies,Critical management studies,Sociology
Critical sociology,Critical sociology,Sociology
Cultural sociology,Cultural sociology,Sociology
Cultural studies,Cultural studies,Sociology
Africana studies,Africana studies,Cultural studies
Cross-cultural studies,Cross-cultural studies,Cultural studies
Culturology,Culturology,Cultural studies
Ethnology,Ethnology,Cultural studies
Whiteness studies,Whiteness studies,Cultural studies
Demography,Demography,Sociology
Digital sociology,Digital sociology,Sociology
Dramaturgical sociology,Dramaturgical sociology,Sociology
Economic sociology,Economic sociology,Sociology
Educational sociology,Educational sociology,Sociology
Empirical sociology,Empirical sociology,Sociology
Environmental sociology,Environmental sociology,Sociology
Evolutionary sociology,Evolutionary sociology,Sociology
Feminist sociology,Feminist sociology,Sociology
Figurational Sociology,Figurational sociology,Sociology
Futures studies,Futures studies,Sociology
Gender studies,Gender studies,Sociology
Men's studies,Men's studies,Gender studies
Women's studies,Women's studies,Gender studies
Historical sociology,Historical sociology,Sociology
Human ecology,Human ecology,Sociology
Humanistic sociology,Humanistic sociology,Sociology
Industrial sociology,Industrial sociology,Sociology
Interactionism,Interactionism,Sociology
Interpretive sociology,Interpretive sociology,Sociology
Ethnomethodology,Ethnomethodology,Interpretive sociology
Phenomenology (philosophy),Phenomenology,Interpretive sociology
Social constructionism,Social constructionism,Interpretive sociology
Symbolic interactionism,Symbolic interactionism,Interpretive sociology
Jealousy sociology,Jealousy sociology,Sociology
Macrosociology,Macrosociology,Sociology
Marxist sociology,Marxist sociology,Sociology
Mathematical sociology,Mathematical sociology,Sociology
Medical sociology,Medical sociology,Sociology
Mesosociology,Mesosociology,Sociology
Microsociology,Microsociology,Sociology
Military sociology,Military sociology,Sociology
Natural resource sociology,Natural resource sociology,Sociology
Organizational studies,Organizational studies,Sociology
Phenomenological sociology,Phenomenological sociology,Sociology
Policy sociology,Policy sociology,Sociology
Psychoanalytic sociology,Psychoanalytic sociology,Sociology
Science studies,Science studies,Sociology
Sexology,Sexology,Sociology
Heterosexism,Heterosexism,Sexology
Human sexual activity,Human sexual behavior,Sexology
Human sexuality,Human sexuality,Sexology
Queer studies,Queer studies,Sexology
Sex education,Sex education,Sexology
Social capital,Social capital,Sociology
Social change,Social change,Sociology
Social conflict theory,Social conflict theory,Sociology
Social control,Social control,Sociology
Pure sociology,Pure sociology,Social control
Social economy,Social economy,Sociology
Social philosophy,Social philosophy,Sociology
Social policy,Social policy,Sociology
Social psychology,Social psychology,Sociology
Social research,Social research,Sociology
Social stratification,Social stratification,Sociology
Social theory,Social theory,Sociology
Social transformation,Social transformation,Sociology
Computational sociology,Computational sociology,Social transformation
Economic sociology,Economic sociology,Social transformation
Economic development,Economic development,Economic sociology
Social development,Social development,Economic sociology
Sociobiology,Sociobiology,Sociology
Sociocybernetics,Sociocybernetics,Sociology
Sociolinguistics,Sociolinguistics,Sociology
Sociological theory,Sociological theory,Sociology
Gerontology#Social gerontology,Sociology of aging,Sociology
Rural sociology,Sociology of agriculture,Sociology
Sociology of art,Sociology of art,Sociology
Societal and cultural aspects of autism,Sociology of autism,Sociology
Sociology of the family#Sociology of childhood,Sociology of childhood,Sociology
Social conflict,Sociology of conflict,Sociology
Sociology of culture,Sociology of culture,Sociology
Sociology of the Internet,Sociology of cyberspace,Sociology
Development theory,Sociology of development,Sociology
Deviance (sociology),Sociology of deviance,Sociology
Sociology of disaster,Sociology of disaster,Sociology
Sociology of education,Sociology of education,Sociology
Sociology of emotions,Sociology of emotions,Sociology
Sociology of the family#Sociology of fatherhood,Sociology of fatherhood,Sociology
Social studies of finance,Sociology of finance,Sociology
Sociology of food,Sociology of food,Sociology
Sociology of gender,Sociology of gender,Sociology
Theory of generations,Sociology of generations,Sociology
World-systems theory,Sociology of globalization,Sociology
Political sociology,Sociology of government,Sociology
Sociology of health and illness,Sociology of health and illness,Sociology
Sociology of human consciousness,Sociology of human consciousness,Sociology
Sociology of immigration,Sociology of immigration,Sociology
Sociology of knowledge,Sociology of knowledge,Sociology
Sociology of language,Sociology of language,Sociology
Sociology of law,Sociology of law,Sociology
Sociology of leisure,Sociology of leisure,Sociology
Sociology of literature,Sociology of literature,Sociology
Economic sociology,Sociology of markets,Sociology
Sociology of the family#Sociology of marriage,Sociology of marriage,Sociology
Sociology of the family#Sociology of motherhood,Sociology of motherhood,Sociology
Sociomusicology,Sociology of music,Sociology
Natural resource management,Sociology of natural resources,Sociology
Organizational behavior,Sociology of organizations,Sociology
Sociology of punishment,Sociology of punishment,Sociology
Sociology of race and ethnic relations,Sociology of race and ethnic relations,Sociology
Sociology of religion,Sociology of religion,Sociology
Risk,Sociology of risk,Sociology
Sociology of scientific knowledge,Sociology of science,Sociology
Sociology of scientific knowledge,Sociology of scientific knowledge,Sociology
Social change,Sociology of social change,Sociology
Social movement,Sociology of social movements,Sociology
Sociology of space,Sociology of space,Sociology
Sociology of sport,Sociology of sport,Sociology
Sociology of terrorism,Sociology of terrorism,Sociology
Sociology of the body,Sociology of the body,Sociology
Sociology of the family,Sociology of the family,Sociology
Sociology of the history of science,Sociology of the history of science,Sociology
Sociology of the Internet,Sociology of the Internet,Sociology
Industrial sociology,Sociology of work,Sociology
Sociomusicology,Sociomusicology,Sociology
Structural sociology,Structural sociology,Sociology
Theoretical sociology,Theoretical sociology,Sociology
Urban studies,Urban studies,Sociology
Victimology,Victimology,Sociology
Visual sociology,Visual sociology,Sociology
Natural Sciences,Natural Sciences,Branches of Science
Biology,Biology,Natural Sciences
Aerobiology,Aerobiology,Biology
Anatomy,Anatomy,Biology
Comparative anatomy,Comparative anatomy,Anatomy
Human anatomy,Human anatomy,Anatomy
Biochemistry,Biochemistry,Biology
Bioinformatics,Bioinformatics,Biology
Biophysics,Biophysics,Biology
Biotechnology,Biotechnology,Biology
Botany,Botany,Biology
Ethnobotany,Ethnobotany,Botany
Phycology,Phycology,Botany
Cell biology,Cell biology,Biology
Chronobiology,Chronobiology,Biology
Computational biology,Computational biology,Biology
Cryobiology,Cryobiology,Biology
Developmental biology,Developmental biology,Biology
Embryology,Embryology,Developmental biology
Teratology,Teratology,Developmental biology
Ecology,Ecology,Biology
Agroecology,Agroecology,Ecology
Ethnoecology,Ethnoecology,Ecology
Human ecology,Human ecology,Ecology
Landscape ecology,Landscape ecology,Ecology
Endocrinology,Endocrinology,Biology
Evolutionary biology,Evolutionary biology,Biology
Genetics,Genetics,Biology
Behavioural genetics,Behavioural genetics,Genetics
Molecular genetics,Molecular genetics,Genetics
Population genetics,Population genetics,Genetics
Histology,Histology,Biology
Human biology,Human biology,Biology
Immunology,Immunology,Biology
Limnology,Limnology,Biology
Linnaean taxonomy,Linnaean taxonomy,Biology
Marine biology,Marine biology,Biology
Mathematical biology,Mathematical biology,Biology
Microbiology,Microbiology,Biology
Molecular biology,Molecular biology,Biology
Mycology,Mycology,Biology
Neuroscience,Neuroscience,Biology
Behavioral neuroscience,Behavioral neuroscience,Neuroscience
Nutrition,Nutrition,Biology
Paleobiology,Paleobiology,Biology
Paleontology,Paleontology,Paleobiology
Parasitology,Parasitology,Biology
Pathology,Pathology,Biology
Anatomical pathology,Anatomical pathology,Pathology
Clinical pathology,Clinical pathology,Pathology
Dermatopathology,Dermatopathology,Pathology
Forensic pathology,Forensic pathology,Pathology
Hematopathology,Hematopathology,Pathology
Histopathology,Histopathology,Pathology
Molecular pathology,Molecular pathology,Pathology
Surgical pathology,Surgical pathology,Pathology
Physiology,Physiology,Biology
Human physiology,Human physiology,Physiology
Exercise physiology,Exercise physiology,Human physiology
Structural Biology,Structural Biology,Biology
Systematics,Systematics,Biology
Systems biology,Systems biology,Biology
Virology,Virology,Biology
Molecular virology,Molecular virology,Virology
Xenobiology,Xenobiology,Biology
Zoology,Zoology,Biology
Animal communication,Animal communication,Zoology
Apiology,Apiology,Zoology
Arachnology,Arachnology,Zoology
Carcinology,Carcinology,Zoology
Cetology,Cetology,Zoology
Entomology,Entomology,Zoology
Forensic entomology,Forensic entomology,Entomology
Ethnozoology,Ethnozoology,Zoology
Ethology,Ethology,Zoology
Helminthology,Helminthology,Zoology
Herpetology,Herpetology,Zoology
Ichthyology,Ichthyology,Zoology
Mammalogy,Mammalogy,Zoology
Malacology,Malacology,Zoology
Conchology,Conchology,Malacology
Myrmecology,Myrmecology,Zoology
Nematology,Nematology,Zoology
Neuroethology,Neuroethology,Zoology
Oology,Oology,Zoology
Ornithology,Ornithology,Zoology
Planktology,Planktology,Zoology
Primatology,Primatology,Zoology
Zootomy,Zootomy,Zoology
Zoosemiotics,Zoosemiotics,Zoology
Chemistry,Chemistry,Natural Sciences
Agrochemistry,Agrochemistry,Chemistry
Analytical chemistry,Analytical chemistry,Chemistry
Astrochemistry,Astrochemistry,Chemistry
Atmospheric chemistry,Atmospheric chemistry,Chemistry
Biochemistry,Biochemistry,Chemistry
Chemical biology,Chemical biology,Chemistry
Chemical engineering,Chemical engineering,Chemistry
Cheminformatics,Cheminformatics,Chemistry
Computational chemistry,Computational chemistry,Chemistry
Cosmochemistry,Cosmochemistry,Chemistry
Electrochemistry,Electrochemistry,Chemistry
Environmental chemistry,Environmental chemistry,Chemistry
Femtochemistry,Femtochemistry,Chemistry
Flavor,Flavor,Chemistry
Flow chemistry,Flow chemistry,Chemistry
Geochemistry,Geochemistry,Chemistry
Green chemistry,Green chemistry,Chemistry
Histochemistry,Histochemistry,Chemistry
Hydrogenation,Hydrogenation,Chemistry
Immunochemistry,Immunochemistry,Chemistry
Inorganic chemistry,Inorganic chemistry,Chemistry
Marine chemistry,Marine chemistry,Chemistry
Mathematical chemistry,Mathematical chemistry,Chemistry
Mechanochemistry,Mechanochemistry,Chemistry
Medicinal chemistry,Medicinal chemistry,Chemistry
Molecular biology,Molecular biology,Chemistry
Molecular mechanics,Molecular mechanics,Chemistry
Nanotechnology,Nanotechnology,Chemistry
Natural product chemistry,Natural product chemistry,Chemistry
Neurochemistry,Neurochemistry,Chemistry
Oenology,Oenology,Chemistry
Organic chemistry,Organic chemistry,Chemistry
Organometallic chemistry,Organometallic chemistry,Chemistry
Petrochemistry,Petrochemistry,Chemistry
Pharmacology,Pharmacology,Chemistry
Photochemistry,Photochemistry,Chemistry
Physical chemistry,Physical chemistry,Chemistry
Physical organic chemistry,Physical organic chemistry,Chemistry
Phytochemistry,Phytochemistry,Chemistry
Polymer chemistry,Polymer chemistry,Chemistry
Quantum chemistry,Quantum chemistry,Chemistry
Radiochemistry,Radiochemistry,Chemistry
Solid-state chemistry,Solid-state chemistry,Chemistry
Sonochemistry,Sonochemistry,Chemistry
Supramolecular chemistry,Supramolecular chemistry,Chemistry
Surface chemistry,Surface chemistry,Chemistry
Synthetic chemistry,Synthetic chemistry,Chemistry
Theoretical chemistry,Theoretical chemistry,Chemistry
Thermochemistry,Thermochemistry,Chemistry
Earth sciences,Earth sciences,Natural Sciences
Edaphology,Edaphology,Earth sciences
Environmental chemistry,Environmental chemistry,Earth sciences
Environmental science,Environmental science,Earth sciences
Gemology,Gemology,Earth sciences
Geochemistry,Geochemistry,Earth sciences
Geodesy,Geodesy,Earth sciences
Physical geography,Physical geography,Earth sciences
Atmospheric science,Atmospheric science,Physical geography
Biogeography,Biogeography,Physical geography
Climatology,Climatology,Physical geography
Coastal geography,Coastal geography,Physical geography
Edaphology,Edaphology,Physical geography
Geobiology,Geobiology,Physical geography
Geology,Geology,Physical geography
Geostatistics,Geostatistics,Physical geography
Glaciology,Glaciology,Physical geography
Hydrology,Hydrology,Physical geography
Landscape ecology,Landscape ecology,Physical geography
Quaternary science,Quaternary science,Physical geography
Geophysics,Geophysics,Earth sciences
Paleontology,Paleontology,Earth sciences
Paleobiology,Paleobiology,Paleontology
Paleoecology,Paleoecology,Paleontology
Space sciences,Space sciences,Natural Sciences
Astrobiology,Astrobiology,Space sciences
Astronomy,Astronomy,Space sciences
Observational astronomy,Observational astronomy,Astronomy
Gamma ray astronomy,Gamma ray astronomy,Observational astronomy
Infrared astronomy,Infrared astronomy,Observational astronomy
Timeline of cosmic microwave background astronomy,Microwave astronomy,Observational astronomy
Optical astronomy,Optical astronomy,Observational astronomy
Radio astronomy,Radio astronomy,Observational astronomy
UV astronomy,UV astronomy,Observational astronomy
X-ray astronomy,X-ray astronomy,Observational astronomy
Astrophysics,Astrophysics,Space sciences
Gravity,Gravitational astronomy,Astrophysics
Black hole,Black hole,Gravitational astronomy
Interstellar medium,Interstellar medium,Space sciences
Direct numerical simulation,Numerical simulations,Space sciences
Astrophysical plasma,Astrophysical plasma,Numerical simulations
Galaxy formation and evolution,Galaxy formation and evolution,Numerical simulations
High-energy astronomy,High-energy astrophysics,Numerical simulations
Hydrodynamics,Hydrodynamics,Numerical simulations
Magnetohydrodynamics,Magnetohydrodynamics,Numerical simulations
Star formation,Star formation,Numerical simulations
Physical cosmology,Physical cosmology,Space sciences
Star,Stellar astrophysics,Space sciences
Helioseismology,Helioseismology,Stellar astrophysics
Stellar evolution,Stellar evolution,Stellar astrophysics
Stellar nucleosynthesis,Stellar nucleosynthesis,Stellar astrophysics
Planetary science,Planetary science,Space sciences
Physics,Physics,Natural Sciences
Acoustics,Acoustics,Physics
Applied physics,Applied physics,Physics
Astrophysics,Astrophysics,Physics
Biophysics,Biophysics,Physics
Computational physics,Computational physics,Physics
Condensed matter physics,Condensed matter physics,Physics
Cryogenics,Cryogenics,Physics
Electromagnetism,Electromagnetism,Physics
Elementary particle physics,Elementary particle physics,Physics
Experimental physics,Experimental physics,Physics
Fluid dynamics,Fluid dynamics,Physics
Geophysics,Geophysics,Physics
Mathematical physics,Mathematical physics,Physics
Mechanics,Mechanics,Physics
Medical physics,Medical physics,Physics
Molecular physics,Molecular physics,Physics
Newton's laws of motion,Newtonian dynamics,Physics
Nuclear physics,Nuclear physics,Physics
Optics,Optics,Physics
Plasma physics,Plasma physics,Physics
Quantum physics,Quantum physics,Physics
Solid mechanics,Solid mechanics,Physics
Solid state physics,Solid state physics,Physics
Statistical mechanics,Statistical mechanics,Physics
Theoretical physics,Theoretical physics,Physics
Thermodynamics,Thermodynamics,Physics
Vehicle dynamics,Vehicle dynamics,Physics
Formal Sciences,Formal Sciences,Branches of Science
Computer Science,Computer Science,Formal Sciences
Logic in computer science,Logic in computer science,Computer Science
Formal methods,Formal methods,Logic in computer science
Logic programming,Logic programming,Logic in computer science
Multi-valued logic,Multi-valued logic,Logic in computer science
Fuzzy logic,Fuzzy logic,Multi-valued logic
Formal semantics of programming languages,Programming language semantics,Logic in computer science
Type theory,Type theory,Logic in computer science
Algorithm,Algorithm,Computer Science
Computational geometry,Computational geometry,Algorithm
Distributed algorithms,Distributed algorithms,Algorithm
Parallel algorithms,Parallel algorithms,Algorithm
Randomized algorithms,Randomized algorithms,Algorithm
Artificial intelligence,Artificial intelligence,Computer Science
Cognitive science,Cognitive science,Artificial intelligence
Automated reasoning,Automated reasoning,Cognitive science
Computer vision,Computer vision,Cognitive science
Machine learning,Machine learning,Cognitive science
Artificial neural network,Artificial neural network,Machine learning
Support vector machine,Support vector machine,Machine learning
Natural language processing,Natural language processing,Cognitive science
Expert systems,Expert systems,Artificial intelligence
Robotics,Robotics,Artificial intelligence
Data structures,Data structures,Computer Science
Computer architecture,Computer architecture,Computer Science
Computer graphics,Computer graphics,Computer Science
Image processing,Image processing,Computer graphics
Scientific visualization,Scientific visualization,Computer graphics
Computer networking,Computer communications (networks),Computer Science
Cloud computing,Cloud computing,Computer communications (networks)
Information theory,Information theory,Computer communications (networks)
Internet,Internet,Computer communications (networks)
Ubiquitous computing,Ubiquitous computing,Computer communications (networks)
Wireless computing,Wireless computing,Computer communications (networks)
Computer security,Computer security,Computer Science
Cryptography,Cryptography,Computer security
Fault-tolerant system,Fault-tolerant computing,Computer security
mathematics,mathematics,Computer Science
Symbolic computation,Algebraic (symbolic) computation,mathematics
Computational biology,Computational biology (bioinformatics),mathematics
Computational chemistry,Computational chemistry,mathematics
Computational mathematics,Computational mathematics,mathematics
Computational neuroscience,Computational neuroscience,mathematics
Computational number theory,Computational number theory,mathematics
Computational physics,Computational physics,mathematics
Computer-aided engineering,Computer-aided engineering,mathematics
Computational fluid dynamics,Computational fluid dynamics,Computer-aided engineering
Finite element analysis,Finite element analysis,Computer-aided engineering
Numerical analysis,Numerical analysis,mathematics
Scientific computing,Scientific computing (Computational science),mathematics
social science,social science,Computer Science
Community informatics,Community informatics,social science
Computational economics,Computational economics,social science
Computational finance,Computational finance,social science
Computational sociology,Computational sociology,social science
Digital humanities,Digital humanities,social science
History of computer hardware,History of computer hardware,social science
History of computer science,History of computer science,social science
Humanistic informatics,Humanistic informatics,social science
Database,Database,social science
Distributed database,Distributed database,Database
Object database,Object database,Database
Relational database,Relational database,Database
Data management,Data management,social science
Data mining,Data mining,social science
Information management,Information management,social science
Information retrieval,Information retrieval,social science
Knowledge management,Knowledge management,social science
Multimedia,Multimedia,social science
Sound and music computing,Sound and music computing,Multimedia
Distributed computing,Distributed computing,Computer Science
Grid computing,Grid computing,Distributed computing
Human-computer interaction,Human-computer interaction,Computer Science
Operating systems,Operating systems,Computer Science
Parallel computing,Parallel computing,Computer Science
High-performance computing,High-performance computing,Parallel computing
Programming languages,Programming languages,Computer Science
Compilers,Compilers,Programming languages
Programming paradigms,Programming paradigms,Programming languages
Concurrent programming language,Concurrent programming,Programming paradigms
Functional programming,Functional programming,Programming paradigms
Imperative programming,Imperative programming,Programming paradigms
Logic programming,Logic programming,Programming paradigms
Object-oriented programming,Object-oriented programming,Programming paradigms
Program semantics,Program semantics,Programming languages
Type theory,Type theory,Programming languages
Quantum computing,Quantum computing,Computer Science
Software engineering,Software engineering,Computer Science
Formal methods,Formal methods,Software engineering
Theory of computation,Theory of computation,Computer Science
Automata theory,Automata theory,Theory of computation
Computability theory (computer science),Computability theory,Theory of computation
Computational complexity theory,Computational complexity theory,Theory of computation
Concurrency (computer science)#Theory,Concurrency theory,Theory of computation
Very-large-scale integration,VLSI design,Computer Science
Mathematics,Mathematics,Formal Sciences
Pure mathematics,Pure mathematics,Mathematics
Mathematical logic,Mathematical logic,Pure mathematics
Intuitionistic logic,Intuitionistic logic,Mathematical logic
Modal logic,Modal logic,Mathematical logic
Model theory,Model theory,Mathematical logic
Proof theory,Proof theory,Mathematical logic
Recursion theory,Recursion theory,Mathematical logic
Set theory,Set theory,Mathematical logic
Algebra,Algebra,Pure mathematics
Associative algebra,Associative algebra,Algebra
Category theory,Category theory,Algebra
Topos,Topos theory,Category theory
Differential algebra,Differential algebra,Algebra
Field theory (mathematics),Field theory,Algebra
Group theory,Group theory,Algebra
Group representation,Group representation,Group theory
Homological algebra,Homological algebra,Algebra
K-theory,K-theory,Algebra
Lattice theory,Lattice theory,Algebra
Lie algebra,Lie algebra,Algebra
Linear algebra,Linear algebra,Algebra
Multilinear algebra,Multilinear algebra,Algebra
Non-associative algebra,Non-associative algebra,Algebra
Representation theory,Representation theory,Algebra
Ring theory,Ring theory,Algebra
Commutative algebra,Commutative algebra,Ring theory
Noncommutative algebra,Noncommutative algebra,Ring theory
Universal algebra,Universal algebra,Algebra
Mathematical analysis,Analysis,Pure mathematics
Complex analysis,Complex analysis,Analysis
Functional analysis,Functional analysis,Analysis
Operator theory,Operator theory,Functional analysis
Harmonic analysis,Harmonic analysis,Analysis
Fourier analysis,Fourier analysis,Harmonic analysis
Non-standard analysis,Non-standard analysis,Analysis
Ordinary differential equations,Ordinary differential equations,Analysis
p-adic analysis,p-adic analysis,Analysis
Partial differential equations,Partial differential equations,Analysis
Real analysis,Real analysis,Analysis
Calculus,Calculus,Real analysis
Probability theory,Probability theory,Pure mathematics
Ergodic theory,Ergodic theory,Probability theory
Measure theory,Measure theory,Probability theory
Integral geometry,Integral geometry,Measure theory
Stochastic process,Stochastic process,Probability theory
Geometry,Geometry,Pure mathematics
Affine geometry,Affine geometry,Geometry
Algebraic geometry,Algebraic geometry,Geometry
Algebraic topology,Algebraic topology,Geometry
Convex geometry,Convex geometry,Geometry
Differential topology,Differential topology,Geometry
Discrete geometry,Discrete geometry,Geometry
Finite geometry,Finite geometry,Geometry
Galois geometry,Galois geometry,Geometry
General topology,General topology,Geometry
Geometric topology,Geometric topology,Geometry
Integral geometry,Integral geometry,Geometry
Noncommutative geometry,Noncommutative geometry,Geometry
Non-Euclidean geometry,Non-Euclidean geometry,Geometry
Projective geometry,Projective geometry,Geometry
Number theory,Number theory,Pure mathematics
Algebraic number theory,Algebraic number theory,Number theory
Analytic number theory,Analytic number theory,Number theory
Arithmetic combinatorics,Arithmetic combinatorics,Number theory
Geometric number theory,Geometric number theory,Number theory
Applied mathematics,Applied mathematics,Mathematics
Approximation theory,Approximation theory,Applied mathematics
Combinatorics,Combinatorics,Applied mathematics
Coding theory,Coding theory,Combinatorics
Cryptography,Cryptography,Applied mathematics
Dynamical systems,Dynamical systems,Applied mathematics
Chaos theory,Chaos theory,Dynamical systems
Fractal geometry,Fractal geometry,Dynamical systems
Game theory,Game theory,Applied mathematics
Graph theory,Graph theory,Applied mathematics
Information theory,Information theory,Applied mathematics
Mathematical physics,Mathematical physics,Applied mathematics
Quantum field theory,Quantum field theory,Mathematical physics
Quantum gravity,Quantum gravity,Mathematical physics
String theory,String theory,Quantum gravity
Quantum mechanics,Quantum mechanics,Mathematical physics
Statistical mechanics,Statistical mechanics,Mathematical physics
Numerical analysis,Numerical analysis,Applied mathematics
Operations research,Operations research,Applied mathematics
Assignment problem,Assignment problem,Operations research
Decision analysis,Decision analysis,Operations research
Dynamic programming,Dynamic programming,Operations research
Inventory theory,Inventory theory,Operations research
Linear programming,Linear programming,Operations research
Mathematical optimization,Mathematical optimization,Operations research
Optimal maintenance,Optimal maintenance,Operations research
Real options analysis,Real options analysis,Operations research
Job shop scheduling,Scheduling,Operations research
Stochastic processes,Stochastic processes,Operations research
Systems analysis,Systems analysis,Operations research
Statistics,Statistics,Applied mathematics
Actuarial science,Actuarial science,Statistics
Demography,Demography,Statistics
Econometrics,Econometrics,Statistics
Mathematical statistics,Mathematical statistics,Statistics
Data visualization,Data visualization,Statistics
Theory of computation,Theory of computation,Applied mathematics
Computational complexity theory,Computational complexity theory,Theory of computation
Statistics,Statistics,Formal Sciences
Astrostatistics,Astrostatistics,Statistics
Biostatistics,Biostatistics,Statistics
Applied Sciences,Applied Sciences,Branches of Science
Engineering and technology,Engineering and technology,Applied Sciences
Chemical engineering,Chemical Engineering,Engineering and technology
Bioengineering,Bioengineering,Chemical Engineering
Biochemical engineering,Biochemical engineering,Bioengineering
Biomolecular engineering,Biomolecular engineering,Bioengineering
Catalysis,Catalysis,Chemical Engineering
Materials engineering,Materials engineering,Chemical Engineering
Molecular engineering,Molecular engineering,Chemical Engineering
Nanotechnology,Nanotechnology,Chemical Engineering
Polymer engineering,Polymer engineering,Chemical Engineering
Process design,Process design,Chemical Engineering
Petroleum engineering,Petroleum engineering,Process design
Nuclear engineering,Nuclear engineering,Process design
Food engineering,Food engineering,Process design
Process engineering,Process engineering,Chemical Engineering
Reaction engineering,Reaction engineering,Chemical Engineering
Thermodynamics,Thermodynamics,Chemical Engineering
Transport phenomena,Transport phenomena,Chemical Engineering
Civil engineering,Civil Engineering,Engineering and technology
Coastal engineering,Coastal engineering,Civil Engineering
Earthquake engineering,Earthquake engineering,Civil Engineering
Ecological engineering,Ecological engineering,Civil Engineering
Environmental engineering,Environmental engineering,Civil Engineering
Geotechnical engineering,Geotechnical engineering,Civil Engineering
Engineering geology,Engineering geology,Geotechnical engineering
Hydraulic engineering,Hydraulic engineering,Civil Engineering
Mining engineering,Mining engineering,Civil Engineering
Transportation engineering,Transportation engineering,Civil Engineering
Highway engineering,Highway engineering,Transportation engineering
Structural engineering,Structural engineering,Civil Engineering
Architectural engineering,Architectural engineering,Structural engineering
Structural mechanics,Structural mechanics,Civil Engineering
Surveying,Surveying,Civil Engineering
Educational technology,Educational Technology,Engineering and technology
Instructional design,Instructional design,Educational Technology
Distance education,Distance education,Instructional design
Instructional simulation,Instructional simulation,Instructional design
Human performance technology,Human performance technology,Educational Technology
Knowledge management,Knowledge management,Educational Technology
Electrical engineering,Electrical Engineering,Engineering and technology
Applied physics,Applied physics,Electrical Engineering
Computer engineering,Computer engineering,Electrical Engineering
Computer science,Computer science,Electrical Engineering
Control engineering,Control systems engineering,Electrical Engineering
Control theory,Control theory,Control systems engineering
Electronic engineering,Electronic engineering,Electrical Engineering
Instrumentation engineering,Instrumentation engineering,Electronic engineering
Engineering physics,Engineering physics,Electrical Engineering
Photonics,Photonics,Engineering physics
Information theory,Information theory,Electrical Engineering
Mechatronics,Mechatronics,Electrical Engineering
Power engineering,Power engineering,Electrical Engineering
Quantum computing,Quantum computing,Electrical Engineering
Robotics,Robotics,Electrical Engineering
Semiconductors,Semiconductors,Electrical Engineering
Telecommunications engineering,Telecommunications engineering,Electrical Engineering
Materials science,Materials Science and Engineering,Engineering and technology
Biomaterials,Biomaterials,Materials Science and Engineering
Ceramic engineering,Ceramic engineering,Materials Science and Engineering
Crystallography,Crystallography,Materials Science and Engineering
Nanomaterials,Nanomaterials,Materials Science and Engineering
Photonics,Photonics,Materials Science and Engineering
Metallurgy,Physical Metallurgy,Materials Science and Engineering
Polymer engineering,Polymer engineering,Materials Science and Engineering
Polymer science,Polymer science,Materials Science and Engineering
Semiconductors,Semiconductors,Materials Science and Engineering
Mechanical engineering,Mechanical Engineering,Engineering and technology
Aerospace engineering,Aerospace engineering,Mechanical Engineering
Aeronautics,Aeronautics,Aerospace engineering
Astronautics,Astronautics,Aerospace engineering
Acoustical engineering,Acoustical engineering,Mechanical Engineering
Automotive engineering,Automotive engineering,Mechanical Engineering
Biomedical engineering,Biomedical engineering,Mechanical Engineering
Biomechanical engineering,Biomechanical engineering,Biomedical engineering
Neural engineering,Neural engineering,Biomedical engineering
Continuum mechanics,Continuum mechanics,Mechanical Engineering
Fluid mechanics,Fluid mechanics,Mechanical Engineering
Heat transfer,Heat transfer,Mechanical Engineering
Industrial engineering,Industrial engineering,Mechanical Engineering
Manufacturing engineering,Manufacturing engineering,Mechanical Engineering
Marine propulsion,Marine engineering,Mechanical Engineering
Mass transfer,Mass transfer,Mechanical Engineering
Mechatronics,Mechatronics,Mechanical Engineering
Nanoengineering,Nanoengineering,Mechanical Engineering
Offshore construction,Ocean engineering,Mechanical Engineering
Optical engineering,Optical engineering,Mechanical Engineering
Robotics,Robotics,Mechanical Engineering
Thermodynamics,Thermodynamics,Mechanical Engineering
Vehicle engineering,Vehicle engineering,Mechanical Engineering
Systems science,Systems science,Engineering and technology
Chaos theory,Chaos theory,Systems science
Complex system,Complex system,Systems science
Complex systems,Complex systems,Systems science
Conceptual systems,Conceptual systems,Systems science
Control theory,Control theory,Systems science
Affect control theory,Affect control theory,Control theory
Control engineering,Control engineering,Control theory
Control systems,Control systems,Control theory
Dynamical systems,Dynamical systems,Control theory
Perceptual control theory,Perceptual control theory,Control theory
Cybernetics,Cybernetics,Systems science
Biocybernetics,Biocybernetics,Cybernetics
Engineering cybernetics,Engineering cybernetics,Cybernetics
Management cybernetics,Management cybernetics,Cybernetics
Medical cybernetics,Medical cybernetics,Cybernetics
New Cybernetics,New Cybernetics,Cybernetics
Second-order cybernetics,Second-order cybernetics,Cybernetics
Sociocybernetics,Sociocybernetics,Cybernetics
Network science,Network science,Systems science
Operations research,Operations research,Systems science
Systems biology,Systems biology,Systems science
Computational systems biology,Computational systems biology,Systems biology
Synthetic biology,Synthetic biology,Systems biology
Systems immunology,Systems immunology,Systems biology
Systems neuroscience,Systems neuroscience,Systems biology
System dynamics,System dynamics,Systems science
Social dynamics,Social dynamics,System dynamics
Systems ecology,Systems ecology,Systems science
Ecosystem ecology,Ecosystem ecology,Systems ecology
Systems engineering,Systems engineering,Systems science
Biological systems engineering,Biological systems engineering,Systems engineering
Earth systems engineering and management,Earth systems engineering and management,Systems engineering
Enterprise systems engineering,Enterprise systems engineering,Systems engineering
Systems analysis,Systems analysis,Systems engineering
Systems psychology,Systems psychology,Systems science
Ergonomics,Ergonomics,Systems psychology
Family systems theory,Family systems theory,Systems psychology
Systemic therapy,Systemic therapy,Systems psychology
Systems theory,Systems theory,Systems science
Biochemical systems theory,Biochemical systems theory,Systems theory
Ecological systems theory,Ecological systems theory,Systems theory
Developmental systems theory,Developmental systems theory,Systems theory
General systems theory,General systems theory,Systems theory
Living systems theory,Living systems theory,Systems theory
LTI system theory,LTI system theory,Systems theory
Mathematical system theory,Mathematical system theory,Systems theory
Sociotechnical systems theory,Sociotechnical systems theory,Systems theory
World-systems theory,World-systems theory,Systems theory
Systems theory in anthropology,Systems theory in anthropology,Systems science
Medicine and health,Medicine and health,Applied Sciences
Alternative medicine,Alternative medicine,Medicine and health
Clinical laboratory sciences,Clinical laboratory sciences,Medicine and health
Clinical biochemistry,Clinical biochemistry,Clinical laboratory sciences
Cytogenetics,Cytogenetics,Clinical laboratory sciences
Cytohematology,Cytohematology,Clinical laboratory sciences
cell biology,Cytology,Clinical laboratory sciences
Haemostasiology,Haemostasiology,Clinical laboratory sciences
Histology,Histology,Clinical laboratory sciences
Clinical immunology,Clinical immunology,Clinical laboratory sciences
Clinical microbiology,Clinical microbiology,Clinical laboratory sciences
Molecular genetics,Molecular genetics,Clinical laboratory sciences
Parasitology,Parasitology,Clinical laboratory sciences
Clinical physiology,Clinical physiology,Medicine and health
Dentistry,Dentistry,Medicine and health
Dental hygienist,Dental hygiene,Dentistry
Dental surgery,Dental surgery,Dentistry
Endodontics,Endodontics,Dentistry
Dental implant,Implantology,Dentistry
Oral and maxillofacial surgery,Oral and maxillofacial surgery,Dentistry
Orthodontics,Orthodontics,Dentistry
Periodontics,Periodontics,Dentistry
Prosthodontics,Prosthodontics,Dentistry
Dermatology,Dermatology,Medicine and health
Emergency medicine,Emergency medicine,Medicine and health
Hepatology,Hepatology,Emergency medicine
Epidemiology,Epidemiology,Medicine and health
Geriatrics,Geriatrics,Medicine and health
Gynaecology,Gynaecology,Medicine and health
Health informatics,Health informatics,Medicine and health
Hematology,Hematology,Medicine and health
Infectious disease,Infectious disease,Medicine and health
Intensive care medicine,Intensive care medicine,Medicine and health
Internal medicine,Internal medicine,Medicine and health
Cardiology,Cardiology,Internal medicine
Cardiac electrophysiology,Cardiac electrophysiology,Cardiology
Endocrinology,Endocrinology,Internal medicine
Gastroenterology,Gastroenterology,Internal medicine
Nephrology,Nephrology,Internal medicine
Neurology,Neurology,Internal medicine
Oncology,Oncology,Internal medicine
Pulmonology,Pulmonology,Internal medicine
Rheumatology,Rheumatology,Internal medicine
Medical toxicology,Medical toxicology,Medicine and health
Music therapy,Music therapy,Medicine and health
Nursing,Nursing,Medicine and health
Nutrition,Nutrition,Medicine and health
Obstetrics,Obstetrics,Medicine and health
Occupational hygiene,Occupational hygiene,Medicine and health
Occupational therapy,Occupational therapy,Medicine and health
Occupational toxicology,Occupational toxicology,Medicine and health
Ophthalmology,Ophthalmology,Medicine and health
Neuro-ophthalmology,Neuro-ophthalmology,Ophthalmology
Optometry,Optometry,Medicine and health
Otolaryngology,Otolaryngology,Medicine and health
Pathology,Pathology,Medicine and health
Pediatrics,Pediatrics,Medicine and health
Pharmaceutical sciences,Pharmaceutical sciences,Medicine and health
Pharmacy,Pharmacy,Pharmaceutical sciences
Physical fitness,Physical fitness,Medicine and health
aerobics,aerobics,Physical fitness
Kinesiology,Kinesiology,Physical fitness
Personal fitness training,Personal fitness training,Physical fitness
Physical therapy,Physical therapy,Medicine and health
Physiotherapy,Physiotherapy,Medicine and health
Podiatry,Podiatry,Medicine and health
Preventive healthcare,Preventive medicine,Medicine and health
Primary care,Primary care,Medicine and health
General medical services,General practice,Primary care
Psychiatry,Psychiatry,Medicine and health
Forensic psychiatry,Forensic psychiatry,Psychiatry
Psychology,Psychology,Medicine and health
Public health,Public health,Medicine and health
Radiology,Radiology,Medicine and health
Recreational therapy,Recreational therapy,Medicine and health
Physical medicine and rehabilitation,Rehabilitation medicine,Medicine and health
Respiratory therapy,Respiratory therapy,Medicine and health
Sleep medicine,Sleep medicine,Medicine and health
Speech-language pathology,Speech-language pathology,Medicine and health
Sports medicine,Sports medicine,Medicine and health
Surgery,Surgery,Medicine and health
Bariatric surgery,Bariatric surgery,Surgery
Cardiothoracic surgery,Cardiothoracic surgery,Surgery
Neurosurgery,Neurosurgery,Surgery
Orthoptics,Orthoptics,Surgery
Orthopedic surgery,Orthopedic surgery,Surgery
Plastic surgery,Plastic surgery,Surgery
Trauma surgery,Trauma surgery,Surgery
Traumatology,Traumatology,Surgery
Traditional medicine,Traditional medicine,Medicine and health
Urology,Urology,Medicine and health
Andrology,Andrology,Urology
Veterinary medicine,Veterinary medicine,Medicine and health
